DATE,Home_Price_Index,Interest_Rate,Unemployment_Rate,Inflation_CPI,Building_Permits,Consumer_Sentiment,Housing_Starts,US_Population,Mortgage_Rate,Median_Income,Interest_Rate_lag1,Unemployment_Rate_lag1,Inflation_CPI_lag1,Mortgage_Rate_lag1,Unemployment_Rate_roll3,Consumer_Sentiment_roll3,Income_to_Mortgage_Ratio,Income_to_Unemployment_Ratio,Permit_to_Population_Ratio,CPI_to_Interest_Rate,HPI_lag1,HPI_lag3,Home_Price_Index_Smoothed,Income_pct_change,Unemployment_pct_change,HPI_pct_change
2004-04-01,146.593,1.0,5.6,187.4,2070,94.2,2003,292651,5.83,35730.0,1.0,5.8,187.1,5.445,5.666666666666667,94.8,6128.644939965695,6380.357142857143,0.007073271576041086,187.4,145.058,141.64600000000002,144.94733333333332,0.0,-0.034482758620689724,0.010581974106908865
2004-05-01,148.186,1.0,5.6,188.2,2150,90.2,1981,292872,6.27,35730.0,1.0,5.6,187.4,5.83,5.666666666666667,93.40000000000002,5698.564593301436,6380.357142857143,0.0073410909885547266,188.2,146.593,143.191,146.61233333333334,0.0,0.0,0.01086682174455822
2004-06-01,149.852,1.03,5.6,188.9,2020,95.6,1828,293103,6.2875,35730.0,1.0,5.6,188.2,6.27,5.6,93.33333333333333,5682.703777335984,6380.357142857143,0.006891775246244495,183.39805825242718,148.186,145.058,148.21033333333332,0.0,0.0,0.011242627508671443
2004-07-01,151.338,1.26,5.5,189.1,2112,96.7,2002,293350,6.056,35730.0,1.03,5.6,188.9,6.2875,5.566666666666666,94.16666666666667,5899.933949801849,6496.363636363636,0.00719959093233339,150.07936507936506,149.852,146.593,149.792,0.0,-0.017857142857142794,0.009916450898219464
2004-08-01,152.635,1.43,5.4,189.2,2056,95.9,2024,293603,5.8675,35730.0,1.26,5.5,189.1,6.056,5.5,96.06666666666666,6089.475926714956,6616.666666666666,0.007002653242643978,132.3076923076923,151.338,148.186,151.27499999999998,0.0,-0.018181818181818077,0.008570220301576503
2004-09-01,154.179,1.61,5.4,189.8,2041,94.2,1905,293857,5.754,35730.0,1.43,5.4,189.2,5.8675,5.433333333333334,95.60000000000001,6209.593326381648,6616.666666666666,0.006945555150974794,117.88819875776397,152.635,149.852,152.71733333333333,0.0,0.0,0.010115635339208007
2004-10-01,155.752,1.76,5.5,190.8,2097,91.7,2072,294104,5.7225,35730.0,1.61,5.4,189.8,5.754,5.433333333333334,93.93333333333334,6243.774574049803,6496.363636363636,0.007130130838070886,108.40909090909092,154.179,151.338,154.18866666666665,0.0,0.01851851851851838,0.010202427049079255
2004-11-01,157.528,1.93,5.4,191.7,2079,92.8,1782,294337,5.73,35730.0,1.76,5.5,190.8,5.7225,5.433333333333334,92.89999999999999,6235.602094240838,6616.666666666666,0.007063332166869949,99.32642487046631,155.752,152.635,155.81966666666668,0.0,-0.018181818181818077,0.011402742821921885
2004-12-01,159.33100000000002,2.16,5.4,191.7,2082,97.1,2042,294561,5.752,35730.0,1.93,5.4,191.7,5.73,5.433333333333334,93.86666666666667,6211.7524339360225,6616.666666666666,0.007068145477507205,88.74999999999999,157.528,154.179,157.537,0.0,0.0,0.011445584277081089
2005-01-01,161.289,2.28,5.3,191.6,2139,95.5,2144,294768,5.71,36390.0,2.16,5.4,191.7,5.752,5.366666666666667,95.13333333333333,6373.029772329247,6866.037735849057,0.007256554307116105,84.03508771929825,159.33100000000002,155.752,159.38266666666667,0.018471872376154552,-0.0185185185185186,0.012288882891590358
2005-02-01,163.346,2.5,5.4,192.4,2114,94.1,2207,294955,5.6275,36390.0,2.28,5.3,191.6,5.71,5.366666666666667,95.56666666666666,6466.459351399378,6738.888888888889,0.007167194995846824,76.96000000000001,161.289,157.528,161.322,0.0,0.018867924528301883,0.012753504578737695
2005-03-01,165.81400000000002,2.63,5.2,193.1,2062,92.6,1864,295149,5.928,36390.0,2.5,5.4,192.4,5.6275,5.3,94.06666666666666,6138.663967611336,6998.076923076923,0.006986301833988935,73.42205323193916,163.346,159.33100000000002,163.48299999999998,0.0,-0.03703703703703709,0.015109032360755892
2005-04-01,167.503,2.79,5.2,193.7,2150,87.7,2061,295359,5.855,36390.0,2.63,5.2,193.1,5.928,5.266666666666667,91.46666666666665,6215.200683176771,6998.076923076923,0.007279277083142887,69.42652329749103,165.81400000000002,161.289,165.55433333333335,0.0,0.0,0.010186112149757953
2005-05-01,169.352,3.0,5.1,193.6,2085,86.9,2025,295582,5.72,36390.0,2.79,5.2,193.7,5.855,5.166666666666667,89.06666666666666,6361.888111888112,7135.2941176470595,0.007053880141551245,64.53333333333333,167.503,163.346,167.55633333333333,0.0,-0.019230769230769384,0.011038608263732597
2005-06-01,171.192,3.04,5.0,193.7,2178,96.0,2068,295824,5.582,36390.0,3.0,5.1,193.6,5.72,5.1000000000000005,90.2,6519.168756718022,7278.0,0.007362485802368976,63.71710526315789,169.352,165.81400000000002,169.34900000000002,0.0,-0.019607843137254832,0.010864944021918843
2005-07-01,172.861,3.26,5.0,194.9,2203,96.5,2054,296077,5.695,36390.0,3.04,5.0,193.7,5.582,5.033333333333334,93.13333333333334,6389.815627743635,7278.0,0.00744063199775734,59.785276073619634,171.192,167.503,171.135,0.0,0.0,0.009749287349876123
2005-08-01,174.44299999999998,3.5,4.9,196.1,2219,89.1,2095,296338,5.82,36390.0,3.26,5.0,194.9,5.695,4.966666666666666,93.86666666666666,6252.577319587628,7426.530612244897,0.0074880710539991496,56.028571428571425,172.861,169.352,172.832,0.0,-0.019999999999999907,0.009151861900602132
2005-09-01,176.43900000000002,3.62,5.0,198.8,2263,76.9,2151,296606,5.774,36390.0,3.5,4.9,196.1,5.82,4.966666666666666,87.5,6302.3900242466225,7278.0,0.007629650108224378,54.91712707182321,174.44299999999998,171.192,174.581,0.0,0.020408163265306145,0.011442132960336915
2005-10-01,178.028,3.78,5.0,199.1,2170,74.2,2065,296857,6.065,36390.0,3.62,5.0,198.8,5.774,4.966666666666666,80.06666666666666,6000.0,7278.0,0.007309916896013906,52.67195767195767,176.43900000000002,172.861,176.3033333333333,0.0,0.0,0.009005945397559278
2005-11-01,179.68200000000002,4.0,5.0,198.1,2218,81.6,2147,297089,6.33,36390.0,3.78,5.0,199.1,6.065,5.0,77.56666666666668,5748.815165876777,7278.0,0.007465776248868184,49.525,178.028,174.44299999999998,178.04966666666667,0.0,0.0,0.009290673377221781
2005-12-01,180.911,4.16,4.9,198.1,2120,91.5,1994,297311,6.272,36390.0,4.0,5.0,198.1,6.33,4.966666666666668,82.43333333333334,5801.977040816327,7426.530612244897,0.007130580435974451,47.62019230769231,179.68200000000002,176.43900000000002,179.54033333333334,0.0,-0.019999999999999907,0.006839861533152858
2006-01-01,182.321,4.29,4.7,199.3,2212,91.2,2273,297526,6.145,37500.0,4.16,4.9,198.1,6.272,4.866666666666667,88.10000000000001,6102.522375915379,7978.723404255319,0.007434644367214966,46.45687645687646,180.911,178.028,180.97133333333332,0.030502885408079106,-0.04081632653061229,0.007793887602191019
2006-02-01,183.288,4.49,4.8,199.4,2141,86.7,2119,297734,6.2525,37500.0,4.29,4.7,199.3,6.145,4.800000000000001,89.8,5997.600959616153,7812.5,0.007190982554897996,44.4097995545657,182.321,179.68200000000002,182.17333333333332,0.0,0.02127659574468077,0.005303832251907448
2006-03-01,184.365,4.59,4.7,199.7,2118,88.9,1969,297950,6.324,37500.0,4.49,4.8,199.4,6.2525,4.733333333333333,88.93333333333334,5929.791271347249,7978.723404255319,0.0071085752643060916,43.507625272331154,183.288,180.911,183.32466666666667,0.0,-0.02083333333333326,0.005875998428702456
2006-04-01,184.329,4.79,4.7,200.7,1998,87.4,1821,298170,6.5075,37500.0,4.59,4.7,199.7,6.324,4.733333333333333,87.66666666666667,5762.581636573184,7978.723404255319,0.006700875339571385,41.89979123173278,184.365,182.321,183.994,0.0,0.0,-0.0001952648279228697
2006-05-01,184.155,4.94,4.6,201.3,1905,79.1,1942,298401,6.5975,37500.0,4.79,4.7,200.7,6.5075,4.666666666666667,85.13333333333334,5683.97120121258,8152.173913043479,0.0063840268631807535,40.74898785425101,184.329,183.288,184.28300000000002,0.0,-0.021276595744680993,-0.0009439643246587082
2006-06-01,183.507,4.99,4.6,201.8,1867,84.9,1802,298653,6.6819999999999995,37500.0,4.94,4.6,201.3,6.5975,4.633333333333333,83.8,5612.092187967674,8152.173913043479,0.006251402128892059,40.44088176352705,184.155,184.365,183.99699999999999,0.0,0.0,-0.0035187749450190653
2006-07-01,183.066,5.24,4.7,202.9,1763,84.7,1737,298910,6.7625,37500.0,4.99,4.6,201.8,6.6819999999999995,4.633333333333334,82.89999999999999,5545.286506469501,7978.723404255319,0.0058980964169817,38.721374045801525,183.507,184.329,183.57600000000002,0.0,0.021739130434782705,-0.002403178080400248
2006-08-01,182.593,5.25,4.7,203.8,1722,82.0,1650,299178,6.523999999999999,37500.0,5.24,4.7,202.9,6.7625,4.666666666666667,83.86666666666667,5748.007357449418,7978.723404255319,0.0057557708120249485,38.81904761904762,183.066,184.155,183.05533333333335,0.0,0.0,-0.0025837676029411005
2006-09-01,182.797,5.25,4.5,202.8,1655,85.4,1720,299452,6.4025,37500.0,5.25,4.7,203.8,6.523999999999999,4.633333333333333,84.03333333333335,5857.087075361187,8333.333333333334,0.005526762218986682,38.62857142857143,182.593,183.507,182.81866666666664,0.0,-0.042553191489361764,0.0011172388864852945
2006-10-01,183.197,5.25,4.4,201.9,1570,93.6,1491,299710,6.3575,37500.0,5.25,4.5,202.8,6.4025,4.533333333333334,87.0,5898.545025560362,8522.727272727272,0.0052383971172133064,38.457142857142856,182.797,183.066,182.86233333333334,0.0,-0.022222222222222143,0.0021882197191420705
2006-11-01,183.607,5.25,4.5,202.0,1535,92.1,1570,299950,6.24,37500.0,5.25,4.4,201.9,6.3575,4.466666666666668,90.36666666666667,6009.615384615385,8333.333333333334,0.005117519586597766,38.476190476190474,183.197,182.593,183.20033333333333,0.0,0.022727272727272707,0.0022380279153042526
2006-12-01,184.139,5.24,4.4,203.1,1638,91.7,1649,300178,6.135,37500.0,5.25,4.5,202.0,6.24,4.433333333333334,92.46666666666665,6112.469437652812,8522.727272727272,0.00545676232102286,38.75954198473282,183.607,182.797,183.64766666666665,0.0,-0.022222222222222143,0.00289749301497233
2007-01-01,184.517,5.25,4.6,203.437,1626,96.9,1409,300398,6.2175,37740.0,5.24,4.4,203.1,6.135,4.5,93.56666666666668,6069.963811821472,8204.347826086958,0.005412818993468665,38.749904761904766,184.139,183.197,184.08766666666668,0.006399999999999961,0.04545454545454519,0.0020527970717771904
2007-02-01,184.599,5.26,4.5,204.226,1598,91.3,1480,300608,6.285,37740.0,5.25,4.6,203.437,6.2175,4.5,93.3,6004.773269689737,8386.666666666666,0.005315893123270172,38.82623574144487,184.517,183.607,184.41833333333332,0.0,-0.021739130434782483,0.00044440349669683243
2007-03-01,184.15,5.26,4.4,205.288,1596,88.4,1495,300823,6.156000000000001,37740.0,5.26,4.5,204.226,6.285,4.5,92.2,6130.604288499025,8577.272727272726,0.005305445394800264,39.02813688212928,184.599,184.139,184.42200000000003,0.0,-0.022222222222222143,-0.002432299199887189
2007-04-01,183.01,5.25,4.5,205.904,1470,87.1,1490,301045,6.18,37740.0,5.26,4.4,205.288,6.156000000000001,4.466666666666666,88.93333333333334,6106.796116504855,8386.666666666666,0.004882990914979488,39.21980952380952,184.15,184.517,183.91966666666667,0.0,0.022727272727272707,-0.006190605484659328
2007-05-01,181.601,5.25,4.4,206.755,1493,88.3,1415,301278,6.2620000000000005,37740.0,5.25,4.5,205.904,6.18,4.433333333333334,87.93333333333332,6026.828489300543,8577.272727272726,0.004955555998114698,39.381904761904764,183.01,184.599,182.92033333333333,0.0,-0.022222222222222143,-0.007699032839735498
2007-06-01,180.253,5.25,4.6,207.234,1407,85.3,1448,301528,6.657500000000001,37740.0,5.25,4.4,206.755,6.2620000000000005,4.5,86.89999999999999,5668.794592564776,8204.347826086958,0.0046662333182987984,39.47314285714286,181.601,184.15,181.62133333333335,0.0,0.04545454545454519,-0.007422866614170687
2007-07-01,179.11,5.26,4.7,207.603,1361,90.4,1354,301790,6.695,37740.0,5.25,4.6,207.234,6.657500000000001,4.566666666666667,88.0,5637.042569081404,8029.787234042553,0.004509758441300242,39.468250950570344,180.253,183.01,180.3213333333333,0.0,0.021739130434782705,-0.006341087249587929
2007-08-01,178.116,5.02,4.6,207.667,1321,83.4,1330,302064,6.572,37740.0,5.26,4.7,207.603,6.695,4.633333333333334,86.36666666666667,5742.544126597687,8204.347826086958,0.004373245404947296,41.367928286852596,179.11,181.601,179.15966666666668,0.0,-0.021276595744680993,-0.005549662218748308
2007-09-01,177.55700000000002,4.94,4.7,208.547,1261,83.4,1183,302334,6.3825,37740.0,5.02,4.6,207.667,6.572,4.666666666666667,85.73333333333333,5913.043478260869,8029.787234042553,0.004170883856926446,42.215991902834006,178.116,180.253,178.261,0.0,0.021739130434782705,-0.003138404186036059
2007-10-01,176.623,4.76,4.7,209.19,1192,80.9,1264,302590,6.375,37740.0,4.94,4.7,208.547,6.3825,4.666666666666667,82.56666666666668,5920.0,8029.787234042553,0.00393932383753594,43.94747899159664,177.55700000000002,179.11,177.43200000000002,0.0,0.0,-0.005260282613470779
2007-11-01,175.146,4.49,4.7,210.834,1224,76.1,1197,302834,6.208,37740.0,4.76,4.7,209.19,6.375,4.7,80.13333333333333,6079.2525773195875,8029.787234042553,0.00404181828988819,46.95634743875278,176.623,178.116,176.442,0.0,0.0,-0.008362444302270955
2007-12-01,174.34099999999998,4.24,5.0,211.445,1149,75.5,1037,303062,6.095,37740.0,4.49,4.7,210.834,6.208,4.800000000000001,77.5,6191.960623461854,7548.0,0.0037913034296612573,49.869103773584904,175.146,177.55700000000002,175.37,0.0,0.06382978723404253,-0.004596165484795578
2008-01-01,173.132,3.94,5.0,212.174,1094,78.4,1084,303280,5.758,36250.0,4.24,5.0,211.445,6.095,4.8999999999999995,76.66666666666667,6295.588746092393,7250.0,0.003607227644420997,53.851269035533,174.34099999999998,176.623,174.2063333333333,-0.03948065712771598,0.0,-0.006934685472722801
2008-02-01,171.54,2.98,4.9,212.687,1014,70.8,1103,303494,5.9175,36250.0,3.94,5.0,212.174,5.758,4.966666666666668,74.9,6125.897760878749,7397.959183673469,0.003341087467956533,71.37147651006711,173.132,175.146,173.0043333333333,0.0,-0.019999999999999907,-0.0091952960746714
2008-03-01,170.05200000000002,2.61,5.1,213.448,967,69.5,1005,303707,5.97,36250.0,2.98,4.9,212.687,5.9175,5.0,72.89999999999999,6072.026800670017,7107.843137254902,0.003183989832305479,81.7808429118774,171.54,174.34099999999998,171.57466666666664,0.0,0.04081632653061207,-0.00867436166491764
2008-04-01,168.33599999999998,2.28,5.0,213.942,1008,62.6,1013,303926,5.9175,36250.0,2.61,5.1,213.448,5.97,5.0,67.63333333333334,6125.897760878749,7250.0,0.0033165968031691924,93.8342105263158,170.05200000000002,173.132,169.976,0.0,-0.019607843137254832,-0.01009103097875963
2008-05-01,166.657,1.98,5.4,215.208,995,59.8,973,304157,6.036,36250.0,2.28,5.0,213.942,5.9175,5.166666666666667,63.96666666666667,6005.632869449967,6712.962962962963,0.003271336842485953,108.69090909090909,168.33599999999998,171.54,168.34833333333333,0.0,0.08000000000000007,-0.009974099420206994
2008-06-01,165.016,2.0,5.6,217.463,1180,56.4,1046,304396,6.32,36250.0,1.98,5.4,215.208,6.036,5.333333333333333,59.6,5735.759493670886,6473.214285714286,0.0038765292579403146,108.7315,166.657,170.05200000000002,166.66966666666667,0.0,0.03703703703703698,-0.009846571101123969
2008-07-01,163.565,2.01,5.8,219.016,921,61.2,923,304646,6.425999999999999,36250.0,2.0,5.6,217.463,6.32,5.6000000000000005,59.13333333333333,5641.145347027701,6250.0,0.0030231810035254033,108.963184079602,165.016,168.33599999999998,165.07933333333332,0.0,0.03571428571428581,-0.008793086730983668
2008-08-01,161.987,2.0,6.1,218.69,858,63.0,844,304903,6.4775,36250.0,2.01,5.8,219.016,6.425999999999999,5.833333333333333,60.199999999999996,5596.294866846777,5942.622950819672,0.0028140097014460338,109.345,163.565,166.657,163.52266666666665,0.0,0.051724137931034475,-0.00964754073304197
2008-09-01,160.30700000000002,1.81,6.1,218.877,797,70.3,820,305158,6.0375,36250.0,2.0,6.1,218.69,6.4775,6.0,64.83333333333333,6004.140786749483,5942.622950819672,0.0026117617758669278,120.92651933701657,161.987,165.016,161.953,0.0,0.0,-0.010371202627371234
2008-10-01,158.326,0.97,6.5,216.995,736,57.6,777,305403,6.2,36250.0,1.81,6.1,218.877,6.0375,6.233333333333333,63.63333333333333,5846.774193548387,5576.923076923077,0.0024099304852932026,223.70618556701032,160.30700000000002,163.565,160.20666666666668,0.0,0.06557377049180335,-0.01235753897209746
2008-11-01,156.141,0.39,6.8,213.153,626,55.3,652,305620,6.0875,36250.0,0.97,6.5,216.995,6.2,6.466666666666666,61.06666666666666,5954.82546201232,5330.882352941177,0.002048295268634252,546.5461538461539,158.326,161.987,158.258,0.0,0.04615384615384621,-0.013800639187499186
2008-12-01,153.618,0.16,7.3,211.398,554,60.1,560,305827,5.286,36250.0,0.39,6.8,213.153,6.0875,6.866666666666667,57.666666666666664,6857.737419598941,4965.753424657534,0.0018114816546609684,1321.2375,156.141,160.30700000000002,156.02833333333334,0.0,0.07352941176470584,-0.016158472150171965
2009-01-01,151.506,0.15,7.8,211.933,545,61.2,490,306035,5.047499999999999,35880.0,0.16,7.3,211.398,5.286,7.3,58.866666666666674,7108.469539375929,4600.0,0.00178084206054863,1412.8866666666668,153.618,158.326,153.755,-0.010206896551724132,0.06849315068493156,-0.013748388860680305
2009-02-01,150.014,0.22,8.3,212.705,558,56.3,582,306237,5.13,35880.0,0.15,7.8,211.933,5.047499999999999,7.8,59.199999999999996,6994.152046783626,4322.89156626506,0.001822118163383262,966.8409090909091,151.506,156.141,151.71266666666668,0.0,0.06410256410256432,-0.00984779480680631
2009-03-01,148.66,0.18,8.7,212.495,513,57.3,505,306438,5.0025,35880.0,0.22,8.3,212.705,5.13,8.266666666666667,58.26666666666667,7172.4137931034475,4124.137931034483,0.0016740743641454389,1180.5277777777778,150.014,153.618,150.06,0.0,0.04819277108433728,-0.009025824256402859
2009-04-01,147.94899999999998,0.15,9.0,212.709,521,65.1,478,306645,4.8100000000000005,35880.0,0.18,8.7,212.495,5.0025,8.666666666666666,59.56666666666666,7459.459459459459,3986.6666666666665,0.0016990330838591856,1418.0600000000002,148.66,151.506,148.8743333333333,0.0,0.034482758620689724,-0.004782725682766165
2009-05-01,147.69299999999998,0.18,9.4,213.022,556,68.7,540,306863,4.8575,35880.0,0.15,9.0,212.709,4.8100000000000005,9.033333333333333,63.699999999999996,7386.515697375193,3817.0212765957444,0.0018118834789466309,1183.4555555555555,147.94899999999998,150.014,148.10066666666663,0.0,0.04444444444444451,-0.0017303259907129886
2009-06-01,148.088,0.21,9.5,214.79,601,70.8,585,307090,5.42,35880.0,0.18,9.4,213.022,4.8575,9.299999999999999,68.2,6619.926199261993,3776.842105263158,0.001957080986030154,1022.8095238095239,147.69299999999998,148.66,147.91,0.0,0.010638297872340496,0.0026744666301043996
2009-07-01,148.408,0.16,9.5,214.726,595,66.0,594,307322,5.2219999999999995,35880.0,0.21,9.5,214.79,5.42,9.466666666666667,68.5,6870.930677901188,3776.842105263158,0.0019360800723670938,1342.0375,148.088,147.94899999999998,148.063,0.0,0.0,0.0021608773161903017
2009-08-01,148.27700000000002,0.16,9.6,215.445,616,65.7,586,307570,5.1925,35880.0,0.16,9.5,214.726,5.2219999999999995,9.533333333333333,67.5,6909.966297544535,3737.5,0.002002796111454303,1346.53125,148.408,147.69299999999998,148.25766666666667,0.0,0.010526315789473717,-0.0008827017411457971
2009-09-01,148.025,0.15,9.8,215.861,609,73.5,585,307826,5.0575,35880.0,0.16,9.6,215.445,5.1925,9.633333333333335,68.39999999999999,7094.414236282748,3661.224489795918,0.0019783903893758163,1439.0733333333333,148.27700000000002,148.088,148.23666666666668,0.0,0.02083333333333348,-0.0016995218408789592
2009-10-01,147.85,0.12,10.0,216.509,583,70.6,534,308071,4.952,35880.0,0.15,9.8,215.861,5.0575,9.799999999999999,69.93333333333332,7245.557350565428,3588.0,0.0018924209029736652,1804.2416666666666,148.025,148.408,148.05066666666667,0.0,0.020408163265306145,-0.001182232730957633
2009-11-01,148.136,0.12,9.9,217.234,623,67.4,588,308289,4.875,35880.0,0.12,10.0,216.509,4.952,9.9,70.5,7360.0,3624.242424242424,0.0020208311032829584,1810.2833333333335,147.85,148.27700000000002,148.00366666666665,0.0,-0.010000000000000009,0.0019343929658437453
2009-12-01,147.931,0.12,9.9,217.347,664,72.5,581,308495,4.93,35880.0,0.12,9.9,217.234,4.875,9.933333333333334,70.16666666666667,7277.89046653144,3624.242424242424,0.002152384965720676,1811.2250000000001,148.136,148.025,147.97233333333335,0.0,0.0,-0.0013838634768049696
2010-01-01,147.39700000000002,0.11,9.8,217.488,636,74.4,614,308706,5.03,35450.0,0.12,9.9,217.347,4.93,9.866666666666667,71.43333333333334,7047.713717693837,3617.34693877551,0.002060212629492138,1977.1636363636364,147.931,147.85,147.82133333333334,-0.011984392419175038,-0.010101010101010055,-0.0036097910512332687
2010-02-01,145.632,0.13,9.8,217.281,650,73.6,604,308904,4.99,35450.0,0.11,9.8,217.488,5.03,9.833333333333334,73.5,7104.208416833667,3617.34693877551,0.0021042136068163573,1671.3923076923077,147.39700000000002,148.136,146.98666666666668,0.0,0.0,-0.011974463523681034
2010-03-01,145.858,0.16,9.9,217.353,687,73.6,636,309095,4.9675,35450.0,0.13,9.8,217.281,4.99,9.833333333333334,73.86666666666666,7136.386512330146,3580.808080808081,0.0022226176418253286,1358.45625,145.632,147.931,146.29566666666668,0.0,0.010204081632652962,0.001551856734783641
2010-04-01,146.401,0.2,9.9,217.403,637,72.2,687,309289,5.098000000000001,35450.0,0.16,9.9,217.353,4.9675,9.866666666666667,73.13333333333333,6953.707336210277,3580.808080808081,0.0020595624157341516,1087.0149999999999,145.858,147.39700000000002,145.96366666666665,0.0,0.0,0.003722798886588441
2010-05-01,146.391,0.2,9.6,217.29,575,73.6,583,309485,4.8875,35450.0,0.2,9.9,217.403,5.098000000000001,9.799999999999999,73.13333333333333,7253.196930946291,3692.7083333333335,0.0018579252629368143,1086.4499999999998,146.401,145.632,146.21666666666667,0.0,-0.030303030303030387,-6.83055443612135e-05
2010-06-01,145.718,0.18,9.4,217.199,587,76.0,536,309691,4.7375,35450.0,0.2,9.6,217.29,4.8875,9.633333333333335,73.93333333333334,7482.849604221637,3771.276595744681,0.001895437710492071,1206.6611111111113,146.391,145.858,146.17,0.0,-0.02083333333333326,-0.004597277155016344
2010-07-01,144.986,0.18,9.4,217.605,579,67.8,546,309913,4.564,35450.0,0.18,9.4,217.199,4.7375,9.466666666666667,72.46666666666667,7767.309377738826,3771.276595744681,0.001868266255368442,1208.9166666666667,145.718,146.401,145.6983333333333,0.0,0.0,-0.005023401364278923
2010-08-01,143.911,0.19,9.5,217.923,580,68.9,599,310146,4.4275,35450.0,0.18,9.4,217.605,4.564,9.433333333333332,70.9,8006.775832862789,3731.5789473684213,0.001870086991287974,1146.963157894737,144.986,146.391,144.87166666666667,0.0,0.010638297872340496,-0.0074145089870745196
2010-09-01,143.015,0.19,9.5,218.275,563,68.2,594,310385,4.346,35450.0,0.19,9.5,217.923,4.4275,9.466666666666667,68.3,8156.92590888173,3731.5789473684213,0.001813876314899238,1148.8157894736842,143.911,145.718,143.9706666666667,0.0,0.0,-0.006226070279547913
2010-10-01,142.526,0.19,9.4,219.035,558,67.7,543,310612,4.225,35450.0,0.19,9.5,218.275,4.346,9.466666666666667,68.26666666666667,8390.532544378699,3771.276595744681,0.0017964534531827489,1152.8157894736842,143.015,144.986,143.15066666666667,0.0,-0.010526315789473606,-0.0034192217599551267
2010-11-01,142.166,0.19,9.8,219.59,560,71.6,545,310820,4.3,35450.0,0.19,9.4,219.035,4.225,9.566666666666666,69.16666666666667,8244.186046511628,3617.34693877551,0.0018016858632005663,1155.7368421052631,142.526,143.911,142.569,0.0,0.042553191489361764,-0.0025258549317318524
2010-12-01,142.053,0.18,9.3,220.472,632,74.5,539,311020,4.714,35450.0,0.19,9.8,219.59,4.3,9.500000000000002,71.26666666666667,7520.152736529486,3811.827956989247,0.00203202366407305,1224.8444444444444,142.166,143.015,142.24833333333333,0.0,-0.05102040816326525,-0.0007948454623468715
2011-01-01,141.515,0.17,9.1,221.187,576,74.2,630,311204,4.755,34920.0,0.18,9.3,220.472,4.714,9.4,73.43333333333334,7343.8485804416405,3837.3626373626375,0.00185087595275125,1301.1,142.053,142.526,141.91133333333335,-0.014950634696755949,-0.021505376344086113,-0.0037873188176245076
2011-02-01,140.342,0.16,9.0,221.898,542,77.5,517,311373,4.9525,34920.0,0.17,9.1,221.187,4.755,9.133333333333333,75.39999999999999,7050.984351337709,3880.0,0.001740677579623153,1386.8625,141.515,142.166,141.3033333333333,0.0,-0.01098901098901095,-0.0082888739709569
2011-03-01,139.974,0.14,9.0,223.046,583,67.5,600,311551,4.836,34920.0,0.16,9.0,221.898,4.9525,9.033333333333333,73.06666666666666,7220.843672456575,3880.0,0.0018712827113377907,1593.185714285714,140.342,142.053,140.61033333333333,0.0,0.0,-0.0026221658519902658
2011-04-01,140.006,0.1,9.1,224.093,581,69.8,554,311740,4.84,34920.0,0.14,9.0,223.046,4.836,9.033333333333333,71.60000000000001,7214.876033057852,3837.3626373626375,0.0018637325976775519,2240.93,139.974,141.515,140.10733333333334,0.0,0.011111111111111072,0.00022861388543593542
2011-05-01,139.903,0.09,9.0,224.806,618,74.3,561,311935,4.6375,34920.0,0.1,9.1,224.093,4.84,9.033333333333333,70.53333333333335,7529.919137466307,3880.0,0.0019811819770144423,2497.844444444445,140.006,140.342,139.96099999999998,0.0,-0.01098901098901095,-0.0007356827564533042
2011-06-01,139.859,0.09,9.1,224.806,636,71.5,608,312147,4.51,34920.0,0.09,9.0,224.806,4.6375,9.066666666666668,71.86666666666667,7742.79379157428,3837.3626373626375,0.0020375015617641688,2497.844444444445,139.903,139.974,139.9226666666667,0.0,0.011111111111111072,-0.0003145036203654472
2011-07-01,139.72799999999998,0.07,9.0,225.395,621,63.7,623,312372,4.545,34920.0,0.09,9.1,224.806,4.51,9.033333333333333,69.83333333333333,7683.168316831683,3880.0,0.0019880142906534516,3219.928571428571,139.859,140.006,139.83,0.0,-0.01098901098901095,-0.0009366576337599408
2011-08-01,139.306,0.1,9.0,226.106,647,55.8,585,312605,4.27,34920.0,0.07,9.0,225.395,4.545,9.033333333333333,63.666666666666664,8177.985948477753,3880.0,0.0020697045792613684,2261.06,139.72799999999998,139.903,139.631,0.0,0.0,-0.003020153440970841
2011-09-01,138.664,0.08,9.0,226.597,610,59.5,650,312842,4.106,34920.0,0.1,9.0,226.106,4.27,9.0,59.666666666666664,8504.627374573794,3880.0,0.0019498660665767384,2832.4625,139.306,139.859,139.23266666666666,0.0,0.0,-0.004608559573887838
2011-10-01,137.947,0.07,8.8,226.75,671,60.8,610,313060,4.0675,34920.0,0.08,9.0,226.597,4.106,8.933333333333332,58.699999999999996,8585.125998770744,3968.181818181818,0.0021433591004919187,3239.2857142857138,138.664,139.72799999999998,138.639,0.0,-0.022222222222222143,-0.005170772514855981
2011-11-01,137.14600000000002,0.08,8.6,227.169,706,63.7,711,313260,3.9925,34920.0,0.07,8.8,226.75,4.0675,8.799999999999999,61.333333333333336,8746.399499060739,4060.46511627907,0.0022537189555002233,2839.6125,137.947,139.306,137.91899999999998,0.0,-0.022727272727272818,-0.005806577888609277
2011-12-01,136.668,0.07,8.5,227.223,697,69.9,694,313454,3.9579999999999997,34920.0,0.08,8.6,227.169,3.9925,8.633333333333333,64.8,8822.637695805963,4108.235294117647,0.002223611758025101,3246.042857142857,137.14600000000002,138.664,137.25366666666665,0.0,-0.011627906976744096,-0.003485336794365246
2012-01-01,136.602,0.08,8.3,227.842,712,75.0,723,313636,3.915,34780.0,0.07,8.5,227.223,3.9579999999999997,8.466666666666667,69.53333333333335,8883.780332056194,4190.361445783132,0.0022701475595913734,2848.025,136.668,137.947,136.80533333333332,-0.004009163802978222,-0.0235294117647058,-0.00048292211783296235
2012-02-01,136.526,0.1,8.3,228.329,738,75.3,704,313811,3.89,34780.0,0.08,8.3,227.842,3.915,8.366666666666667,73.39999999999999,8940.874035989717,4190.361445783132,0.002351734005500126,2283.29,136.602,137.14600000000002,136.59866666666667,0.0,0.0,-0.0005563608146292864
2012-03-01,137.89700000000002,0.13,8.2,228.807,806,76.2,695,313993,3.9539999999999997,34780.0,0.1,8.3,228.329,3.89,8.266666666666667,75.5,8796.15579160344,4241.463414634147,0.002566936205584201,1760.053846153846,136.526,136.668,137.00833333333335,0.0,-0.012048192771084487,0.010042043273808643
2012-04-01,139.148,0.14,8.2,229.187,732,76.4,753,314176,3.91,34780.0,0.13,8.2,228.807,3.9539999999999997,8.233333333333333,75.96666666666667,8895.140664961637,4241.463414634147,0.0023299042574862496,1637.05,137.89700000000002,136.602,137.857,0.0,0.0,0.009071988513165374
2012-05-01,140.149,0.16,8.2,228.713,796,79.3,708,314368,3.7979999999999996,34780.0,0.14,8.2,229.187,3.91,8.2,77.30000000000001,9157.451290152712,4241.463414634147,0.002532064332247557,1429.45625,139.148,136.526,139.06466666666668,0.0,0.0,0.007193779285365354
2012-06-01,141.02700000000002,0.16,8.2,228.524,794,73.2,757,314576,3.675,34780.0,0.16,8.2,228.713,3.7979999999999996,8.2,76.3,9463.945578231293,4241.463414634147,0.0025240323483037485,1428.2749999999999,140.149,137.89700000000002,140.10800000000003,0.0,0.0,0.006264761075712277
2012-07-01,141.668,0.16,8.2,228.59,849,72.3,740,314796,3.55,34780.0,0.16,8.2,228.524,3.675,8.2,74.93333333333334,9797.18309859155,4241.463414634147,0.0026969847139099606,1428.6875,141.02700000000002,139.148,140.948,0.0,0.0,0.004545228927793854
2012-08-01,142.278,0.13,8.1,229.918,840,74.3,754,315031,3.6019999999999994,34780.0,0.16,8.2,228.59,3.55,8.166666666666666,73.26666666666667,9655.746807329264,4293.827160493827,0.002666404258628516,1768.6,141.668,140.149,141.65766666666667,0.0,-0.012195121951219523,0.0043058418273709265
2012-09-01,142.905,0.14,7.8,231.015,930,78.3,847,315264,3.4975,34780.0,0.13,8.1,229.918,3.6019999999999994,8.033333333333333,74.96666666666665,9944.245889921373,4458.974358974359,0.002949908647990256,1650.1071428571427,142.278,141.02700000000002,142.28366666666668,0.0,-0.03703703703703698,0.0044068654324633805
2012-10-01,143.595,0.16,7.8,231.638,887,82.6,915,315485,3.3825000000000003,34780.0,0.14,7.8,231.015,3.4975,7.8999999999999995,78.39999999999999,10282.335550628233,4458.974358974359,0.002811544130465791,1447.7375,142.905,141.668,142.92600000000002,0.0,0.0,0.004828382491865124
2012-11-01,144.578,0.16,7.7,231.249,917,82.7,833,315692,3.3519999999999994,34780.0,0.16,7.8,231.638,3.3825000000000003,7.766666666666667,81.2,10375.894988066828,4516.883116883117,0.0029047299266373554,1445.3062499999999,143.595,142.278,143.69266666666667,0.0,-0.012820512820512775,0.00684564225773876
2012-12-01,145.494,0.16,7.9,231.221,941,72.9,976,315877,3.3449999999999998,34780.0,0.16,7.7,231.249,3.3519999999999994,7.8,79.4,10397.608370702543,4402.53164556962,0.002979007651712534,1445.13125,144.578,142.905,144.55566666666667,0.0,0.025974025974025983,0.006335680393974252
2013-01-01,146.82,0.14,8.0,231.679,940,73.8,888,316038,3.414,35240.0,0.16,7.9,231.221,3.3449999999999998,7.866666666666667,76.46666666666668,10322.202694786174,4405.0,0.002974325872205241,1654.85,145.494,143.595,145.63066666666666,0.01322599194939622,0.012658227848101111,0.00911377788774792
2013-02-01,147.77700000000002,0.15,7.7,232.937,980,77.6,962,316191,3.5324999999999998,35240.0,0.14,8.0,231.679,3.414,7.866666666666667,74.76666666666667,9975.937721160652,4576.623376623376,0.0030993924558257507,1552.9133333333334,146.82,144.578,146.697,0.0,-0.03749999999999998,0.006518185533306298
2013-03-01,149.957,0.14,7.5,232.282,936,78.6,1010,316357,3.565,35240.0,0.15,7.7,232.937,3.5324999999999998,7.733333333333333,76.66666666666667,9884.99298737728,4698.666666666667,0.0029586827539773105,1659.1571428571428,147.77700000000002,145.494,148.18466666666666,0.0,-0.025974025974025983,0.014751957341128774
2013-04-01,151.514,0.15,7.6,231.797,1012,76.4,835,316535,3.4450000000000003,35240.0,0.14,7.5,232.282,3.565,7.599999999999999,77.53333333333332,10229.31785195936,4636.842105263158,0.0031971188020282117,1545.3133333333333,149.957,146.82,149.74933333333334,0.0,0.013333333333333197,0.010382976453250148
2013-05-01,152.846,0.11,7.5,231.893,1003,84.5,930,316729,3.536,35240.0,0.15,7.6,231.797,3.4450000000000003,7.533333333333332,79.83333333333333,9966.06334841629,4698.666666666667,0.003166745072285771,2108.1181818181817,151.514,147.77700000000002,151.439,0.0,-0.013157894736842035,0.008791266813627852
2013-06-01,154.196,0.09,7.5,232.445,942,84.1,839,316934,4.07,35240.0,0.11,7.5,231.893,3.536,7.533333333333332,81.66666666666667,8658.476658476658,4698.666666666667,0.002972227656231266,2582.722222222222,152.846,149.957,152.852,0.0,0.0,0.008832419559556604
2013-07-01,155.601,0.09,7.3,232.9,997,85.1,880,317156,4.37,35240.0,0.09,7.5,232.445,4.07,7.433333333333333,84.56666666666666,8064.073226544622,4827.397260273972,0.0031435634198943106,2587.777777777778,154.196,151.514,154.21433333333334,0.0,-0.026666666666666727,0.009111779812705834
2013-08-01,156.957,0.08,7.2,233.456,964,82.1,917,317397,4.456,35240.0,0.09,7.3,232.9,4.37,7.333333333333333,83.76666666666667,7908.438061041292,4894.444444444444,0.0030372057706909645,2918.2,155.601,152.846,155.58466666666666,0.0,-0.013698630136986245,0.008714596949890963
2013-09-01,158.22,0.08,7.2,233.544,1004,77.5,850,317635,4.49,35240.0,0.08,7.2,233.456,4.456,7.233333333333333,81.56666666666666,7848.552338530067,4894.444444444444,0.003160860736379807,2919.3,156.957,154.196,156.92600000000002,0.0,0.0,0.008046789885127748
2013-10-01,159.238,0.09,7.2,233.669,1044,73.2,925,317864,4.192,35240.0,0.08,7.2,233.544,4.49,7.2,77.60000000000001,8406.48854961832,4894.444444444444,0.003284423527043012,2596.3222222222225,158.22,155.601,158.13833333333332,0.0,0.0,0.006434079130324788
2013-11-01,160.07399999999998,0.08,6.9,234.1,1029,75.1,1100,318076,4.255,35240.0,0.09,7.2,233.669,4.192,7.1000000000000005,75.26666666666667,8282.021151586368,5107.246376811594,0.0032350758938115417,2926.25,159.238,156.957,159.17733333333334,0.0,-0.04166666666666663,0.005250003139953829
2013-12-01,160.993,0.09,6.7,234.719,1005,82.5,1002,318276,4.4575,35240.0,0.08,6.9,234.1,4.255,6.933333333333334,76.93333333333334,7905.776780706675,5259.701492537313,0.0031576367680880746,2607.988888888889,160.07399999999998,158.22,160.10166666666666,0.0,-0.02898550724637683,0.005741094743681119
2014-01-01,161.924,0.07,6.6,235.288,976,81.2,888,318464,4.432,36100.0,0.09,6.7,234.719,4.4575,6.733333333333333,79.60000000000001,8145.306859205775,5469.69696969697,0.003064710610932476,3361.2571428571428,160.993,159.238,160.99699999999999,0.024404086265607194,-0.014925373134328401,0.005782860124353251
2014-02-01,162.52100000000002,0.07,6.7,235.547,1039,81.6,944,318642,4.3025,36100.0,0.07,6.6,235.288,4.432,6.666666666666667,81.76666666666667,8390.470656595002,5388.059701492537,0.0032607126493054903,3364.9571428571426,161.924,160.07399999999998,161.81266666666667,0.0,0.015151515151515138,0.0036869148489415693
2014-03-01,163.08,0.08,6.7,236.028,1067,80.0,970,318827,4.3425,36100.0,0.07,6.7,235.547,4.3025,6.666666666666667,80.93333333333334,8313.183649971214,5388.059701492537,0.003346642536548034,2950.35,162.52100000000002,160.993,162.50833333333335,0.0,0.0,0.0034395555035964254
2014-04-01,163.385,0.09,6.2,236.468,1090,84.1,1043,319020,4.3375,36100.0,0.08,6.7,236.028,4.3425,6.533333333333332,81.89999999999999,8322.766570605187,5822.58064516129,0.0034167136856623407,2627.422222222222,163.08,161.924,162.99533333333332,0.0,-0.07462686567164178,0.0018702477311747234
2014-05-01,163.651,0.09,6.3,236.918,1018,81.9,1007,319225,4.192,36100.0,0.09,6.2,236.468,4.3375,6.3999999999999995,82.0,8611.641221374046,5730.158730158731,0.003188973294698097,2632.4222222222224,163.385,162.52100000000002,163.372,0.0,0.016129032258064502,0.0016280564311290657
2014-06-01,164.05900000000003,0.1,6.1,237.231,1010,82.5,911,319438,4.1625,36100.0,0.09,6.3,236.918,4.192,6.2,82.83333333333333,8672.672672672674,5918.032786885246,0.003161802916371878,2372.31,163.651,163.08,163.69833333333335,0.0,-0.031746031746031744,0.0024931103384642217
2014-07-01,164.583,0.09,6.2,237.498,1076,81.8,1085,319670,4.13,36100.0,0.1,6.1,237.231,4.1625,6.199999999999999,82.06666666666668,8740.9200968523,5822.58064516129,0.0033659711577564365,2638.866666666667,164.05900000000003,163.385,164.09766666666667,0.0,0.016393442622950838,0.003193972899993236
2014-08-01,165.207,0.09,6.1,237.46,1047,82.5,984,319919,4.115,36100.0,0.09,6.2,237.498,4.13,6.133333333333333,82.26666666666667,8772.782503037666,5918.032786885246,0.003272703403048897,2638.444444444445,164.583,163.651,164.61633333333336,0.0,-0.016129032258064613,0.003791400083848151
2014-09-01,165.898,0.09,5.9,237.477,1077,84.6,1023,320166,4.1625,36100.0,0.09,6.1,237.46,4.115,6.066666666666666,82.96666666666667,8672.672672672674,6118.64406779661,0.003363879987256611,2638.6333333333337,165.207,164.05900000000003,165.22933333333333,0.0,-0.032786885245901565,0.004182631486559396
2014-10-01,166.634,0.09,5.7,237.43,1094,86.9,1074,320403,4.036,36100.0,0.09,5.9,237.477,4.1625,5.8999999999999995,84.66666666666667,8944.499504459862,6333.333333333333,0.0034144499271230293,2638.1111111111113,165.898,164.583,165.913,0.0,-0.03389830508474578,0.004436460957937927
2014-11-01,167.328,0.09,5.8,236.983,1059,88.8,1001,320616,3.9975,36100.0,0.09,5.7,237.43,4.036,5.8,86.76666666666667,9030.644152595372,6224.137931034483,0.0033030166928662325,2633.1444444444446,166.634,165.207,166.62,0.0,0.01754385964912264,0.004164816303995789
2014-12-01,168.044,0.12,5.6,236.252,1072,93.6,1073,320815,3.864,36100.0,0.09,5.8,236.983,3.9975,5.699999999999999,89.76666666666667,9342.650103519669,6446.428571428572,0.003341489643564048,1968.7666666666669,167.328,165.898,167.33533333333332,0.0,-0.034482758620689724,0.004279020845285864
2015-01-01,168.62099999999998,0.11,5.7,234.747,1049,98.1,1085,320997,3.67,37990.0,0.12,5.6,236.252,3.864,5.7,93.5,10351.49863760218,6664.912280701754,0.00326794331411197,2134.0636363636363,168.044,166.634,167.99766666666665,0.052354570637119124,0.017857142857143016,0.00343362452690954
2015-02-01,169.11900000000003,0.11,5.5,235.342,1127,95.4,886,321164,3.71,37990.0,0.11,5.7,234.747,3.67,5.599999999999999,95.69999999999999,10239.89218328841,6907.272727272727,0.003509110610155559,2139.4727272727273,168.62099999999998,167.328,168.59466666666665,0.0,-0.03508771929824561,0.002953368797480982
2015-03-01,169.78900000000002,0.11,5.4,235.976,1072,93.0,960,321344,3.77,37990.0,0.11,5.5,235.342,3.71,5.533333333333334,95.5,10076.923076923076,7035.185185185184,0.0033359888468432585,2145.2363636363634,169.11900000000003,168.044,169.17633333333336,0.0,-0.018181818181818077,0.003961707436775264
2015-04-01,170.28900000000002,0.12,5.4,236.222,1166,95.9,1190,321538,3.6719999999999997,37990.0,0.11,5.4,235.976,3.77,5.433333333333334,94.76666666666667,10345.860566448802,7035.185185185184,0.003626320994719131,1968.5166666666669,169.78900000000002,168.62099999999998,169.73233333333334,0.0,0.0,0.0029448315261884073
2015-05-01,170.87099999999998,0.12,5.6,237.001,1272,90.7,1079,321740,3.84,37990.0,0.12,5.4,236.222,3.6719999999999997,5.466666666666666,93.2,9893.229166666668,6783.928571428572,0.003953502828370734,1975.0083333333334,170.28900000000002,169.11900000000003,170.31633333333332,0.0,0.03703703703703698,0.0034177192889732755
2015-06-01,171.46900000000002,0.13,5.3,237.657,1379,96.1,1205,321954,3.9825,37990.0,0.12,5.6,237.001,3.84,5.433333333333333,94.23333333333335,9539.234149403641,7167.924528301887,0.004283220584307075,1828.1307692307691,170.87099999999998,169.78900000000002,170.87633333333335,0.0,-0.05357142857142849,0.0034997161601444393
2015-07-01,172.146,0.13,5.2,238.034,1140,93.1,1146,322186,4.046,37990.0,0.13,5.3,237.657,3.9825,5.366666666666667,93.3,9389.520514087988,7305.7692307692305,0.003538328791443452,1831.030769230769,171.46900000000002,170.28900000000002,171.49533333333332,0.0,-0.01886792452830177,0.003948235541118006
2015-08-01,172.923,0.14,5.1,238.033,1165,91.9,1130,322427,3.9050000000000002,37990.0,0.13,5.2,238.034,4.046,5.199999999999999,93.7,9728.55313700384,7449.019607843138,0.0036132209771514174,1700.235714285714,172.146,170.87099999999998,172.17933333333335,0.0,-0.019230769230769384,0.004513610539890633
2015-09-01,173.815,0.14,5.0,237.498,1144,87.2,1224,322670,3.89,37990.0,0.14,5.1,238.033,3.9050000000000002,5.1,90.73333333333333,9766.066838046272,7598.0,0.0035454179192363714,1696.4142857142856,172.923,171.46900000000002,172.96133333333333,0.0,-0.019607843137254832,0.005158365283970401
2015-10-01,174.778,0.12,5.0,237.733,1160,90.0,1058,322901,3.7960000000000003,37990.0,0.14,5.0,237.498,3.89,5.033333333333332,89.7,10007.903055848261,7598.0,0.0035924323554278248,1981.1083333333333,173.815,172.146,173.83866666666668,0.0,0.0,0.005540373385495956
2015-11-01,175.72299999999998,0.12,5.1,238.017,1244,91.3,1172,323113,3.9425,37990.0,0.12,5.0,237.733,3.7960000000000003,5.033333333333333,89.5,9636.017755231453,7449.019607843138,0.0038500462686428586,1983.4750000000001,174.778,172.923,174.77200000000002,0.0,0.020000000000000018,0.005406858986829022
2015-12-01,176.52700000000002,0.24,5.0,237.761,1211,92.6,1146,323318,3.964,37990.0,0.12,5.1,238.017,3.9425,5.033333333333332,91.3,9583.75378405651,7598.0,0.00374553844821507,990.6708333333333,175.72299999999998,173.815,175.67600000000002,0.0,-0.019607843137254832,0.004575382846867093
2016-01-01,177.25099999999998,0.34,4.8,237.652,1171,92.0,1092,323509,3.8725,38730.0,0.24,5.0,237.761,3.964,4.966666666666666,91.96666666666665,10001.291155584247,8068.75,0.0036196829145402447,698.9764705882352,176.52700000000002,174.778,176.50033333333332,0.01947881021321396,-0.040000000000000036,0.004101355599992917
2016-02-01,177.635,0.38,4.9,237.336,1172,91.7,1225,323687,3.66,38730.0,0.34,4.8,237.652,3.8725,4.8999999999999995,92.10000000000001,10581.967213114754,7904.08163265306,0.0036207818046446105,624.5684210526316,177.25099999999998,175.72299999999998,177.13766666666666,0.0,0.02083333333333348,0.0021664193713999413
2016-03-01,178.153,0.36,5.0,238.08,1118,91.0,1111,323871,3.694,38730.0,0.38,4.9,237.336,3.66,4.8999999999999995,91.56666666666666,10484.569572279372,7746.0,0.0034519916880486365,661.3333333333334,177.635,176.52700000000002,177.67966666666666,0.0,0.020408163265306145,0.0029160919863766566
2016-04-01,178.75400000000002,0.37,5.1,238.992,1160,89.0,1163,324061,3.605,38730.0,0.36,5.0,238.08,3.694,5.0,90.56666666666666,10743.411927877947,7594.117647058824,0.0035795729816300017,645.9243243243243,178.153,177.25099999999998,178.18066666666667,0.0,0.020000000000000018,0.003373504796439164
2016-05-01,179.412,0.37,4.8,239.557,1205,94.7,1148,324260,3.6,38730.0,0.37,5.1,238.992,3.605,4.966666666666666,91.56666666666668,10758.333333333334,8068.75,0.003716153703817924,647.4513513513514,178.75400000000002,177.635,178.773,0.0,-0.05882352941176472,0.003681036508273783
2016-06-01,180.076,0.38,4.9,240.222,1208,93.5,1203,324476,3.568,38730.0,0.37,4.8,239.557,3.6,4.933333333333333,92.40000000000002,10854.82062780269,7904.08163265306,0.003722925578471135,632.1631578947369,179.412,178.153,179.414,0.0,0.02083333333333348,0.00370097875281461
2016-07-01,180.843,0.39,4.8,240.101,1198,90.0,1239,324697,3.44,38730.0,0.38,4.9,240.222,3.568,4.833333333333333,92.73333333333335,11258.72093023256,8068.75,0.003689593682725741,615.6435897435897,180.076,178.75400000000002,180.1103333333333,0.0,-0.020408163265306256,0.0042593127346231
2016-08-01,181.828,0.4,4.9,240.545,1201,89.8,1171,324924,3.435,38730.0,0.39,4.8,240.101,3.44,4.866666666666666,91.10000000000001,11275.109170305677,7904.08163265306,0.0036962489689896716,601.3625,180.843,179.412,180.91566666666665,0.0,0.02083333333333348,0.00544671344757619
2016-09-01,182.804,0.4,5.0,241.176,1303,91.2,1068,325155,3.46,38730.0,0.4,4.9,240.545,3.435,4.8999999999999995,90.33333333333333,11193.64161849711,7746.0,0.00400731958604358,602.9399999999999,181.828,180.076,181.82499999999996,0.0,0.020408163265306145,0.005367710143652227
2016-10-01,183.733,0.4,4.9,241.741,1254,87.2,1313,325368,3.47,38730.0,0.4,5.0,241.176,3.46,4.933333333333334,89.39999999999999,11161.383285302592,7904.08163265306,0.0038540975141993067,604.3525,182.804,180.843,182.78833333333333,0.0,-0.019999999999999907,0.005081945690466272
2016-11-01,184.742,0.41,4.7,242.026,1230,93.8,1140,325562,3.77,38730.0,0.4,4.9,241.741,3.47,4.866666666666666,90.73333333333333,10273.209549071618,8240.425531914892,0.00377808220861157,590.3073170731708,183.733,181.828,183.75966666666667,0.0,-0.04081632653061229,0.0054916645349500914
2016-12-01,185.707,0.54,4.7,242.637,1248,98.2,1252,325742,4.198,38730.0,0.41,4.7,242.026,3.77,4.766666666666667,93.06666666666666,9225.821819914245,8240.425531914892,0.0038312529547924433,449.3277777777777,184.742,182.804,184.72733333333335,0.0,0.0,0.005223500882311605
2017-01-01,186.785,0.65,4.7,243.618,1303,98.5,1190,325901,4.15,39110.0,0.54,4.7,242.637,4.198,4.7,96.83333333333333,9424.096385542169,8321.27659574468,0.003998146676444687,374.79692307692306,185.707,183.733,185.74466666666663,0.009811515620965716,0.0,0.0058048431130759415
2017-02-01,187.308,0.66,4.6,244.006,1234,96.3,1271,326050,4.1675,39110.0,0.65,4.7,243.618,4.15,4.666666666666666,97.66666666666667,9384.523095380922,8502.173913043478,0.0037846955988345347,369.7060606060606,186.785,184.742,186.6,0.0,-0.021276595744680993,0.002800010707497913
2017-03-01,187.984,0.79,4.4,243.892,1272,96.9,1190,326207,4.196,39110.0,0.66,4.6,244.006,4.1675,4.566666666666666,97.23333333333335,9320.781696854147,8888.636363636362,0.0038993645139436,308.72405063291137,187.308,185.707,187.359,0.0,-0.04347826086956508,0.0036090289790078334
2017-04-01,188.712,0.9,4.4,244.193,1251,97.0,1146,326371,4.045,39110.0,0.79,4.4,243.892,4.196,4.466666666666667,96.73333333333335,9668.726823238567,8888.636363636362,0.003833061148202506,271.3255555555556,187.984,186.785,188.00133333333335,0.0,0.0,0.003872670014469115
2017-05-01,189.597,0.91,4.4,244.004,1208,97.1,1157,326548,4.01,39110.0,0.9,4.4,244.193,4.045,4.4,97.0,9753.117206982544,8888.636363636362,0.003699303012114605,268.13626373626374,188.712,187.308,188.76433333333333,0.0,0.0,0.004689685870532978
2017-06-01,190.484,1.04,4.3,244.163,1353,95.0,1249,326743,3.904,39110.0,0.91,4.4,244.004,4.01,4.366666666666667,96.36666666666667,10017.930327868853,9095.348837209303,0.004140869123439523,234.77211538461538,189.597,187.984,189.59766666666667,0.0,-0.022727272727272818,0.004678344066625595
2017-07-01,191.441,1.15,4.3,244.243,1256,93.4,1206,326939,3.9675000000000002,39110.0,1.04,4.3,244.163,3.904,4.333333333333333,95.16666666666667,9857.592942659105,9095.348837209303,0.003841695239784792,212.38521739130437,190.484,188.712,190.50733333333332,0.0,0.0,0.005024044014195317
2017-08-01,192.632,1.16,4.4,245.183,1319,96.8,1159,327140,3.88,39110.0,1.15,4.3,244.243,3.9675000000000002,4.333333333333333,95.06666666666666,10079.896907216495,8888.636363636362,0.004031912942471114,211.3646551724138,191.441,189.597,191.519,0.0,0.023255813953488413,0.006221237874854513
2017-09-01,193.729,1.15,4.3,246.435,1273,95.1,1181,327342,3.8049999999999997,39110.0,1.16,4.4,245.183,3.88,4.333333333333333,95.10000000000001,10278.580814717478,9095.348837209303,0.0038888990719186662,214.2913043478261,192.632,190.484,192.60066666666668,0.0,-0.022727272727272818,0.00569479629552716
2017-10-01,194.778,1.15,4.2,246.626,1356,100.7,1257,327528,3.895,39110.0,1.15,4.3,246.435,3.8049999999999997,4.3,97.53333333333335,10041.078305519897,9311.904761904761,0.004140104052172639,214.45739130434785,193.729,191.441,193.713,0.0,-0.023255813953488302,0.005414780440718525
2017-11-01,195.933,1.16,4.2,247.284,1299,98.5,1273,327699,3.9219999999999997,39110.0,1.15,4.2,246.626,3.895,4.233333333333333,98.09999999999998,9971.953085160632,9311.904761904761,0.003964003552040135,213.17586206896553,194.778,192.632,194.81333333333336,0.0,0.0,0.005929827803961452
2017-12-01,197.157,1.3,4.1,247.805,1311,95.9,1177,327848,3.95,39110.0,1.16,4.2,247.284,3.9219999999999997,4.166666666666667,98.36666666666667,9901.26582278481,9539.024390243903,0.003998804323955003,190.61923076923077,195.933,193.729,195.956,0.0,-0.023809523809523947,0.0062470334246911285
2018-01-01,198.297,1.41,4.0,248.859,1317,95.7,1299,327969,4.032500000000001,40430.0,1.3,4.1,247.805,3.95,4.1000000000000005,96.7,10026.038437693736,10107.5,0.004015623427823971,176.4957446808511,197.157,194.778,197.129,0.033750958834057876,-0.024390243902438935,0.005782193886090692
2018-02-01,199.23,1.42,4.1,249.529,1321,99.7,1277,328085,4.33,40430.0,1.41,4.0,248.859,4.032500000000001,4.066666666666666,97.10000000000001,9337.18244803695,9860.975609756098,0.004026395598701556,175.72464788732395,198.297,195.933,198.22799999999998,0.0,0.02499999999999991,0.004705063616696092
2018-03-01,199.966,1.51,4.0,249.577,1385,101.4,1318,328219,4.444,40430.0,1.42,4.1,249.529,4.33,4.033333333333332,98.93333333333334,9097.659765976598,10107.5,0.00421974352490258,165.28278145695364,199.23,197.157,199.1643333333333,0.0,-0.024390243902438935,0.003694222757616883
2018-04-01,200.652,1.69,4.0,250.227,1378,98.8,1276,328364,4.4675,40430.0,1.51,4.0,249.577,4.444,4.033333333333332,99.96666666666668,9049.804141018467,10107.5,0.0041965623515367095,148.06331360946746,199.966,198.297,199.94933333333333,0.0,0.0,0.0034305831991436886
2018-05-01,201.41,1.7,3.8,250.792,1338,98.0,1357,328521,4.586,40430.0,1.69,4.0,250.227,4.4675,3.933333333333333,99.39999999999999,8815.961622328827,10639.473684210527,0.0040727989991507394,147.52470588235295,200.652,199.23,200.67600000000002,0.0,-0.050000000000000044,0.003777684747722443
2018-06-01,202.189,1.82,4.0,251.018,1345,98.2,1192,328692,4.57,40430.0,1.7,3.8,250.792,4.586,3.933333333333333,98.33333333333333,8846.827133479212,10107.5,0.00409197668333881,137.92197802197802,201.41,199.966,201.417,0.0,0.05263157894736836,0.0038677324859739404
2018-07-01,202.878,1.91,3.8,251.214,1334,97.9,1208,328863,4.5275,40430.0,1.82,4.0,251.018,4.57,3.866666666666666,98.03333333333335,8929.872998343457,10639.473684210527,0.004056400385570891,131.52565445026178,202.189,200.652,202.159,0.0,-0.050000000000000044,0.0034077026940140254
2018-08-01,203.65,1.91,3.8,251.663,1273,96.2,1288,329040,4.55,40430.0,1.91,3.8,251.214,4.5275,3.866666666666666,97.43333333333334,8885.714285714286,10639.473684210527,0.0038688305373206903,131.7607329842932,202.878,201.41,202.90566666666666,0.0,0.0,0.003805242559567823
2018-09-01,204.31,1.95,3.7,252.182,1314,100.1,1250,329216,4.6274999999999995,40430.0,1.91,3.8,251.663,4.55,3.766666666666666,98.06666666666666,8736.898973527825,10927.027027027027,0.0039913005443234836,129.32410256410256,203.65,202.189,203.61266666666666,0.0,-0.02631578947368407,0.0032408544070710033
2018-10-01,205.076,2.19,3.8,252.772,1272,98.6,1221,329379,4.83,40430.0,1.95,3.7,252.182,4.6274999999999995,3.766666666666666,98.3,8370.600414078675,10639.473684210527,0.0038618126838687347,115.42100456621004,204.31,202.878,204.34533333333331,0.0,0.027027027027026973,0.0037492046400078305
2018-11-01,205.652,2.2,3.8,252.594,1340,97.5,1181,329527,4.866,40430.0,2.19,3.8,252.772,4.83,3.766666666666666,98.73333333333333,8308.672420879573,10639.473684210527,0.00406643461689027,114.81545454545453,205.076,203.65,205.01266666666666,0.0,0.0,0.0028087148179212207
2018-12-01,206.145,2.27,3.9,252.767,1317,98.3,1095,329659,4.6375,40430.0,2.2,3.8,252.594,4.866,3.8333333333333326,98.13333333333333,8718.059299191375,10366.666666666666,0.003995037296115077,111.3511013215859,205.652,204.31,205.62433333333334,0.0,0.026315789473684292,0.0023972536128995525
2019-01-01,206.535,2.4,4.0,252.561,1254,91.2,1226,329766,4.464,42530.0,2.27,3.9,252.767,4.6375,3.9,95.66666666666667,9527.329749103941,10632.5,0.003802696457488037,105.23375,206.145,205.076,206.11066666666667,0.051941627504328514,0.025641025641025772,0.0018918722258602916
2019-02-01,206.86,2.4,3.8,253.319,1286,93.8,1121,329862,4.37,42530.0,2.4,4.0,252.561,4.464,3.9,94.43333333333334,9732.265446224255,11192.105263157895,0.0038986000206146813,105.54958333333333,206.535,205.652,206.51333333333335,0.0,-0.050000000000000044,0.001573583169922843
2019-03-01,207.079,2.41,3.8,254.277,1295,98.4,1191,329977,4.265,42530.0,2.4,3.8,253.319,4.37,3.866666666666666,94.46666666666665,9971.864009378663,11192.105263157895,0.003924515951111744,105.50912863070538,206.86,206.145,206.82466666666667,0.0,0.0,0.001058687034709349
2019-04-01,207.532,2.42,3.7,255.233,1322,97.2,1272,330103,4.1425,42530.0,2.41,3.8,254.277,4.265,3.7666666666666657,96.46666666666668,10266.747133373567,11494.594594594593,0.004004810619715664,105.46818181818182,207.079,206.535,207.157,0.0,-0.02631578947368407,0.0021875709270375854
2019-05-01,208.13,2.39,3.6,255.296,1347,100.0,1293,330240,4.072,42530.0,2.42,3.7,255.233,4.1425,3.6999999999999997,98.53333333333335,10444.499017681728,11813.888888888889,0.004078851744186047,106.81841004184099,207.532,206.86,207.58033333333333,0.0,-0.027027027027027084,0.0028814833375092608
2019-06-01,208.568,2.38,3.6,255.213,1299,98.2,1243,330393,3.8024999999999998,42530.0,2.39,3.6,255.296,4.072,3.633333333333333,98.46666666666665,11184.74687705457,11813.888888888889,0.003931681361287921,107.23235294117647,208.13,207.079,208.07666666666668,0.0,0.0,0.002104453947052498
2019-07-01,209.18,2.4,3.7,255.802,1379,98.4,1240,330553,3.765,42530.0,2.38,3.6,255.213,3.8024999999999998,3.633333333333333,98.86666666666667,11296.148738379814,11494.594594594593,0.004171796958430267,106.58416666666666,208.568,207.532,208.626,0.0,0.0277777777777779,0.0029342948103256994
2019-08-01,210.029,2.13,3.6,256.036,1482,89.8,1375,330729,3.6159999999999997,42530.0,2.4,3.7,255.802,3.765,3.633333333333333,95.46666666666668,11761.615044247788,11813.888888888889,0.004481010132162586,120.20469483568075,209.18,208.13,209.25900000000001,0.0,-0.027027027027027084,0.004058705421168263
2019-09-01,210.83,2.04,3.5,256.43,1469,93.2,1311,330904,3.605,42530.0,2.13,3.6,256.036,3.6159999999999997,3.5999999999999996,93.8,11797.50346740638,12151.42857142857,0.0044393540120397455,125.70098039215686,210.029,208.568,210.013,0.0,-0.02777777777777779,0.003813759052321508
2019-10-01,211.73,1.83,3.6,257.155,1523,95.5,1325,331066,3.6879999999999997,42530.0,2.04,3.5,256.43,3.605,3.5666666666666664,92.83333333333333,11531.995661605208,11813.888888888889,0.004600291180610513,140.52185792349724,210.83,209.18,210.86299999999997,0.0,0.028571428571428692,0.004268842195133349
2019-11-01,212.774,1.55,3.6,257.879,1535,96.8,1353,331213,3.6950000000000003,42530.0,1.83,3.6,257.155,3.6879999999999997,3.5666666666666664,95.16666666666667,11510.148849797022,11813.888888888889,0.004634479926814467,166.37354838709678,211.73,210.029,211.778,0.0,0.0,0.0049308081046617325
2019-12-01,213.95,1.55,3.6,258.63,1443,99.3,1548,331345,3.72,42530.0,1.55,3.6,257.879,3.6950000000000003,3.6,97.2,11432.79569892473,11813.888888888889,0.004354977440432178,166.85806451612902,212.774,210.83,212.81799999999998,0.0,0.0,0.005526991079737087
2020-01-01,215.049,1.55,3.6,259.127,1495,99.8,1581,331443,3.624,41950.0,1.55,3.6,258.63,3.72,3.6,98.63333333333333,11575.60706401766,11652.777777777777,0.004510579496323651,167.17870967741936,213.95,211.73,213.9243333333333,-0.0136374324006584,0.0,0.0051367141855573895
2020-02-01,215.911,1.58,3.5,259.25,1455,101.0,1549,331525,3.4650000000000003,41950.0,1.55,3.6,259.127,3.624,3.5666666666666664,100.03333333333332,12106.782106782106,11985.714285714286,0.004388809290400422,164.08227848101265,215.049,212.774,214.97,0.0,-0.02777777777777779,0.004008388785811556
2020-03-01,216.457,0.65,4.4,258.076,1346,89.1,1266,331667,3.45,41950.0,1.58,3.5,259.25,3.4650000000000003,3.8333333333333335,96.63333333333333,12159.420289855072,9534.090909090908,0.004058287378605649,397.04,215.911,213.95,215.80566666666667,0.0,0.25714285714285734,0.002528819745172717
2020-04-01,216.846,0.05,14.8,256.032,1076,71.8,936,331750,3.306,41950.0,0.65,4.4,258.076,3.45,7.566666666666666,87.3,12689.050211736238,2834.459459459459,0.0032434061793519217,5120.639999999999,216.457,215.049,216.40466666666666,0.0,2.3636363636363633,0.001797123678143997
2020-05-01,216.941,0.05,13.2,255.802,1250,72.3,1039,331751,3.2325,41950.0,0.05,14.8,256.032,3.306,10.799999999999999,77.73333333333333,12977.571539056458,3178.030303030303,0.003767886155580541,5116.04,216.846,215.911,216.74800000000002,0.0,-0.10810810810810823,0.00043809892734936184
2020-06-01,217.46400000000003,0.08,11.0,257.042,1334,78.1,1266,331795,3.1625,41950.0,0.05,13.2,255.802,3.2325,13.0,74.06666666666666,13264.822134387352,3813.6363636363635,0.004020554860682047,3213.0249999999996,216.941,216.457,217.08366666666666,0.0,-0.16666666666666663,0.0024107937181077066
2020-07-01,219.172,0.09,10.2,258.352,1546,72.5,1526,331861,3.016,41950.0,0.08,11.0,257.042,3.1625,11.466666666666663,74.3,13909.151193633952,4112.745098039216,0.004658576934318886,2870.5777777777776,217.46400000000003,216.846,217.859,0.0,-0.07272727272727275,0.007854173564360023
2020-08-01,222.272,0.1,8.4,259.316,1533,74.1,1396,331936,2.935,41950.0,0.09,10.2,258.352,3.016,9.866666666666667,74.89999999999999,14293.015332197614,4994.047619047619,0.004618360165815097,2593.1599999999994,219.172,216.941,219.636,0.0,-0.17647058823529405,0.014144142499954437
2020-09-01,225.717,0.09,7.8,259.997,1636,80.4,1473,332017,2.89,41950.0,0.1,8.4,259.316,2.935,8.799999999999999,75.66666666666667,14515.570934256055,5378.205128205128,0.004927458533749778,2888.855555555556,222.272,217.46400000000003,222.38700000000003,0.0,-0.07142857142857151,0.015499028217679234
2020-10-01,229.666,0.09,6.9,260.319,1613,81.8,1543,332092,2.834,41950.0,0.09,7.8,259.997,2.89,7.699999999999999,78.76666666666667,14802.399435426958,6079.710144927536,0.004857087794948388,2892.433333333334,225.717,219.172,225.885,0.0,-0.11538461538461531,0.017495359233021812
2020-11-01,233.25,0.09,6.7,260.911,1703,76.9,1543,332129,2.765,41950.0,0.09,6.9,260.319,2.834,7.133333333333333,79.7,15171.790235081373,6261.194029850746,0.005127525750536689,2899.0111111111114,229.666,222.272,229.54433333333336,0.0,-0.02898550724637683,0.015605270262032622
2020-12-01,236.587,0.09,6.7,262.045,1752,80.7,1614,332113,2.684,41950.0,0.09,6.7,260.911,2.765,6.766666666666666,79.8,15629.657228017883,6261.194029850746,0.005275312920602325,2911.6111111111113,233.25,225.717,233.16766666666663,0.0,0.0,0.014306538049303263
2021-01-01,239.738,0.09,6.4,262.639,1855,79.0,1630,332058,2.735,42020.0,0.09,6.7,262.045,2.684,6.6000000000000005,78.86666666666667,15363.802559414991,6565.625,0.005586373464876618,2918.211111111111,236.587,229.666,236.525,0.0016686531585221598,-0.04477611940298509,0.013318567799583292
2021-02-01,242.477,0.08,6.2,263.573,1711,76.8,1404,332034,2.81,42020.0,0.09,6.4,262.639,2.735,6.433333333333333,78.83333333333333,14953.73665480427,6777.419354838709,0.005153086732081654,3294.6624999999995,239.738,233.25,239.60066666666668,0.0,-0.03125,0.01142497226138528
2021-03-01,245.546,0.07,6.1,264.847,1756,84.9,1696,332074,3.0825,42020.0,0.08,6.2,263.573,2.81,6.233333333333333,80.23333333333333,13631.792376317924,6888.524590163935,0.005287977980811506,3783.5285714285706,242.477,236.587,242.587,0.0,-0.016129032258064613,0.012656870548546806
2021-04-01,249.078,0.07,6.1,266.625,1721,88.3,1495,332140,3.06,42020.0,0.07,6.1,264.847,3.0825,6.133333333333333,83.33333333333333,13732.02614379085,6888.524590163935,0.0051815499488167644,3808.928571428571,245.546,239.738,245.70033333333333,0.0,0.0,0.014384270157119294
2021-05-01,253.251,0.06,5.8,268.404,1703,82.9,1589,332212,2.9625,42020.0,0.07,6.1,266.625,3.06,5.999999999999999,85.36666666666667,14183.96624472574,7244.827586206897,0.005126244687127497,4473.400000000001,249.078,242.477,249.29166666666666,0.0,-0.0491803278688524,0.016753787970033462
2021-06-01,258.018,0.08,5.9,270.71,1654,85.5,1650,332299,2.975,42020.0,0.06,5.8,268.404,2.9625,5.933333333333333,85.56666666666666,14124.36974789916,7122.033898305084,0.004977445011871838,3383.8749999999995,253.251,245.546,253.44899999999998,0.0,0.017241379310344973,0.01882322281057114
2021-07-01,262.384,0.1,5.4,271.965,1658,81.2,1597,332455,2.868,42020.0,0.08,5.9,270.71,2.975,5.699999999999999,83.2,14651.324965132497,7781.481481481481,0.004987141116842881,2719.6499999999996,258.018,249.078,257.88433333333336,0.0,-0.0847457627118644,0.016921300064336675
2021-08-01,266.583,0.09,5.1,272.752,1736,70.3,1594,332644,2.8425000000000002,42020.0,0.1,5.4,271.965,2.868,5.466666666666666,79.0,14782.761653474054,8239.21568627451,0.005218792462813098,3030.577777777778,262.384,253.251,262.3283333333334,0.0,-0.05555555555555569,0.01600326239404848
2021-09-01,270.153,0.08,4.7,273.942,1640,72.8,1577,332805,2.9,42020.0,0.09,5.1,272.752,2.8425000000000002,5.066666666666666,74.76666666666667,14489.655172413793,8940.425531914892,0.004927810579768934,3424.275,266.583,258.018,266.3733333333334,0.0,-0.07843137254901955,0.013391701646391585
2021-10-01,273.61400000000003,0.08,4.5,276.528,1707,71.7,1579,332961,3.0675,42020.0,0.08,4.7,273.942,2.9,4.766666666666666,71.60000000000001,13698.451507742462,9337.777777777777,0.005126726553560327,3456.6000000000004,270.153,262.384,270.11666666666673,0.0,-0.042553191489361764,0.012811258805195624
2021-11-01,277.377,0.08,4.2,278.824,1765,67.4,1705,333117,3.0675,42020.0,0.08,4.5,276.528,3.0675,4.466666666666666,70.63333333333333,13698.451507742462,10004.761904761905,0.005298438686707673,3485.3,273.61400000000003,266.583,273.7146666666667,0.0,-0.06666666666666665,0.013752951237875122
2021-12-01,281.623,0.08,3.9,280.806,1919,70.6,1722,333260,3.098,42020.0,0.08,4.2,278.824,3.0675,4.199999999999999,69.89999999999999,13563.58941252421,10774.358974358975,0.005758266818700114,3510.075,277.377,270.153,277.538,0.0,-0.07142857142857151,0.015307685929258685
2022-01-01,286.305,0.08,4.0,282.542,1920,67.2,1702,333360,3.4450000000000003,42090.0,0.08,3.9,280.806,3.098,4.033333333333332,68.4,12217.706821480406,10522.5,0.005759539236861051,3531.7749999999996,281.623,273.61400000000003,281.7683333333333,0.0016658733936221193,0.025641025641025772,0.016625062583666805
2022-02-01,291.362,0.08,3.8,284.525,1857,62.8,1735,333457,3.7625,42090.0,0.08,4.0,282.542,3.4450000000000003,3.899999999999999,66.86666666666667,11186.710963455149,11076.315789473685,0.005568933925513634,3556.5624999999995,286.305,277.377,286.43,0.0,-0.050000000000000044,0.017662981785159237
2022-03-01,296.534,0.2,3.7,287.467,1868,59.4,1712,333610,4.172,42090.0,0.08,3.8,284.525,3.7625,3.833333333333332,63.133333333333326,10088.686481303932,11375.675675675675,0.005599352537393963,1437.3349999999998,291.362,281.623,291.4003333333333,0.0,-0.02631578947368407,0.01775111373480409
2022-04-01,300.42400000000004,0.33,3.7,288.582,1859,65.2,1820,333792,4.9825,42090.0,0.2,3.7,287.467,4.172,3.7333333333333325,62.46666666666667,8447.566482689414,11375.675675675675,0.005569336592848241,874.490909090909,296.534,286.305,296.1066666666667,0.0,0.0,0.013118225903269165
2022-05-01,303.3,0.77,3.6,291.299,1704,58.4,1531,333976,5.2299999999999995,42090.0,0.33,3.7,288.582,4.9825,3.666666666666666,61.0,8047.801147227534,11691.666666666666,0.005102163029678779,378.31038961038956,300.42400000000004,291.362,300.086,0.0,-0.027027027027027084,0.009573136633557855
2022-06-01,304.03,1.21,3.6,295.072,1737,50.0,1551,334168,5.522,42090.0,0.77,3.6,291.299,5.2299999999999995,3.633333333333333,57.86666666666667,7622.238319449474,11691.666666666666,0.005197984247444399,243.86115702479339,303.3,296.534,302.58466666666664,0.0,0.0,0.0024068578964719922
2022-07-01,303.10900000000004,1.68,3.5,294.94,1703,51.5,1381,334393,5.4125,42090.0,1.21,3.6,295.072,5.522,3.5666666666666664,53.300000000000004,7776.443418013857,12025.714285714286,0.005092809957146232,175.55952380952382,304.03,300.42400000000004,303.4796666666667,0.0,-0.02777777777777779,-0.003029306318455216
2022-08-01,300.995,2.33,3.6,295.162,1557,58.2,1531,334652,5.2225,42090.0,1.68,3.5,294.94,5.4125,3.566666666666666,53.23333333333334,8059.358544758257,11691.666666666666,0.004652594336803605,126.67896995708153,303.10900000000004,303.3,302.71133333333336,0.0,0.028571428571428692,-0.006974388751241456
2022-09-01,299.014,2.56,3.5,296.421,1600,58.6,1488,334912,6.112,42090.0,2.33,3.6,295.162,5.2225,3.5333333333333328,56.1,6886.452879581152,12025.714285714286,0.004777374355054462,115.789453125,300.995,304.03,301.0393333333334,0.0,-0.02777777777777779,-0.006581504676157368
2022-10-01,298.77,3.08,3.6,297.979,1594,59.9,1435,335155,6.9,42090.0,2.56,3.5,296.421,6.112,3.5666666666666664,58.900000000000006,6100.0,11691.666666666666,0.004756008414017395,96.74642857142857,299.014,303.10900000000004,299.593,0.0,0.028571428571428692,-0.0008160153036314011
2022-11-01,298.574,3.78,3.6,298.708,1401,56.7,1424,335386,6.805,42090.0,3.08,3.6,297.979,6.9,3.566666666666666,58.400000000000006,6185.157972079353,11691.666666666666,0.0041772763323454165,79.02328042328044,298.77,300.995,298.786,0.0,0.0,-0.0006560230277470325
2022-12-01,297.893,4.1,3.5,298.808,1410,59.8,1308,335604,6.364,42090.0,3.78,3.6,298.708,6.805,3.566666666666666,58.800000000000004,6613.764927718416,12025.714285714286,0.004201380198090607,72.88000000000001,298.574,299.014,298.4123333333334,0.0,-0.02777777777777779,-0.002280841600407424
2023-01-01,297.677,4.33,3.5,300.456,1410,64.9,1361,335807,6.2725,42220.0,4.1,3.5,298.808,6.364,3.5333333333333328,60.46666666666667,6730.968513351933,12062.857142857143,0.004198840405351884,69.38937644341802,297.893,298.77,298.048,0.0030886196246138198,0.0,-0.0007250925667939834
2023-02-01,298.093,4.57,3.6,301.476,1618,66.9,1399,336015,6.2575,42220.0,4.33,3.5,300.456,6.2725,3.5333333333333328,63.866666666666674,6747.103475829005,11727.777777777777,0.004815261223457286,65.96849015317287,297.677,298.574,297.8876666666667,0.0,0.028571428571428692,0.0013974878811597868
2023-03-01,299.072,4.65,3.5,301.643,1480,62.0,1377,336232,6.544,42220.0,4.57,3.6,301.476,6.2575,3.5333333333333328,64.60000000000001,6451.711491442543,12062.857142857143,0.004401722620095648,64.86946236559139,298.093,297.893,298.28066666666666,0.0,-0.02777777777777779,0.0032842099613208386
2023-04-01,300.269,4.83,3.4,302.858,1474,63.7,1354,336451,6.342499999999999,42220.0,4.65,3.5,301.643,6.544,3.4999999999999996,64.2,6656.681119432401,12417.64705882353,0.004381024279910002,62.70351966873706,299.072,297.677,299.14466666666664,0.0,-0.02857142857142858,0.004002380697624597
2023-05-01,302.14,5.06,3.6,303.316,1575,59.0,1584,336679,6.425,42220.0,4.83,3.4,302.858,6.342499999999999,3.4999999999999996,61.56666666666666,6571.206225680934,11727.777777777777,0.004678046447803398,59.943873517786564,300.269,298.093,300.4936666666667,0.0,0.05882352941176472,0.00623107946541257
2023-06-01,304.038,5.08,3.6,304.099,1464,64.2,1421,336925,6.714,42220.0,5.06,3.6,303.316,6.425,3.5333333333333328,62.300000000000004,6288.3526958593975,11727.777777777777,0.004345180678192476,59.862007874015745,302.14,299.072,302.149,0.0,0.0,0.006281856093201865
2023-07-01,306.243,5.12,3.5,304.615,1522,71.5,1460,337200,6.84,42220.0,5.08,3.6,304.099,6.714,3.566666666666666,64.89999999999999,6172.514619883041,12062.857142857143,0.004513641755634638,59.4951171875,304.038,300.269,304.14033333333333,0.0,-0.02777777777777779,0.007252382925818424
2023-08-01,309.045,5.33,3.7,306.138,1561,69.4,1317,337501,7.072,42220.0,5.12,3.5,304.615,6.84,3.5999999999999996,68.36666666666667,5970.022624434389,11410.81081081081,0.0046251714809733896,57.436772983114444,306.243,302.14,306.442,0.0,0.05714285714285716,0.00914959688874517
2023-09-01,311.176,5.33,3.8,307.374,1537,67.8,1371,337800,7.2,42220.0,5.33,3.7,306.138,7.072,3.666666666666666,69.56666666666668,5863.888888888889,11110.526315789473,0.004550029603315572,57.66866791744841,309.045,304.038,308.8213333333333,0.0,0.027027027027026973,0.006895435939749728
2023-10-01,313.262,5.33,3.9,307.653,1528,63.8,1368,338088,7.62,42220.0,5.33,3.8,307.374,7.2,3.7999999999999994,67.0,5540.682414698163,10825.641025641025,0.004519533375925795,57.72101313320826,311.176,306.243,311.161,0.0,0.026315789473684292,0.006703601820191807
2023-11-01,314.268,5.33,3.7,308.087,1503,61.3,1514,338366,7.442,42220.0,5.33,3.9,307.653,7.62,3.7999999999999994,64.3,5673.206127385111,11410.81081081081,0.004441935655473659,57.80243902439024,313.262,309.045,312.902,0.0,-0.05128205128205121,0.0032113693968625068
2023-12-01,315.075,5.33,3.8,308.735,1519,69.7,1521,338626,6.815,42220.0,5.33,3.7,308.087,7.442,3.7999999999999994,64.93333333333334,6195.157740278796,11110.526315789473,0.004485774866667061,57.92401500938087,314.268,311.176,314.20166666666665,0.0,0.027027027027026973,0.00256787200733144
2024-01-01,316.29900000000004,5.33,3.7,309.794,1545,79.0,1381,338867,6.6425,42220.0,5.33,3.8,308.735,6.815,3.7333333333333325,70.0,6356.040647346632,11410.81081081081,0.004559310880079795,58.122701688555345,315.075,313.262,315.214,0.0,-0.02631578947368407,0.0038847893358726626
2024-02-01,317.746,5.33,3.9,311.022,1577,76.9,1552,339114,6.776000000000001,42220.0,5.33,3.7,309.794,6.6425,3.7999999999999994,75.2,6230.814639905549,10825.641025641025,0.004650353568416521,58.353095684803,316.29900000000004,314.268,316.3733333333333,0.0,0.054054054054053946,0.00457478525066457
2024-03-01,318.66900000000004,5.33,3.9,312.107,1476,79.4,1312,339378,6.82,42220.0,5.33,3.9,311.022,6.776000000000001,3.833333333333332,78.43333333333334,6190.6158357771255,10825.641025641025,0.00434913282534519,58.55666041275798,317.746,315.075,317.57133333333337,0.0,0.0,0.002904835938139394
2024-04-01,319.337,5.33,3.9,313.016,1459,77.2,1385,339648,6.9925,42220.0,5.33,3.9,312.107,6.82,3.9,77.83333333333334,6037.8977475867005,10825.641025641025,0.004295623704541172,58.72720450281426,318.66900000000004,316.29900000000004,318.584,0.0,0.0,0.0020962189607396375
2024-05-01,320.066,5.33,4.0,313.14,1407,69.1,1316,339927,7.06,42220.0,5.33,3.9,313.016,6.9925,3.9333333333333322,75.23333333333333,5980.169971671388,10555.0,0.004139123988385742,58.750469043151966,319.337,317.746,319.3573333333334,0.0,0.025641025641025772,0.00228285478976753
